ID,Keyword,Position,URL,Country,Device,Updated,Added,Tags
41, GURPS, -, -, Brazil, desktop, 2024-01-26T16:44:15.464Z, 2024-01-25T11:19:11.182Z, 
42, gurps Foundryvtt, 46, https://campanhasdoboi.com.br/rpg/Post/rito_de_passagem, Brazil, desktop, 2024-01-26T16:45:21.663Z, 2024-01-25T11:19:11.182Z, 
43, Gurps instant defaults, -, -, Brazil, desktop, 2024-01-26T16:46:04.397Z, 2024-01-25T11:19:11.182Z, 
44, gga, -, -, Brazil, desktop, 2024-01-26T16:46:22.352Z, 2024-01-25T11:19:11.182Z, 
45, gcsga, -, -, Brazil, desktop, 2024-01-26T16:46:38.671Z, 2024-01-25T11:19:11.182Z, 
47, GURPS, -, -, Brazil, mobile, 2024-01-26T16:46:53.410Z, 2024-01-25T11:19:21.981Z, 
48, gurps Foundryvtt, 45, -, Brazil, mobile, 2024-01-26T16:47:09.275Z, 2024-01-25T11:19:21.981Z, 
49, Gurps instant defaults, -, -, Brazil, mobile, 2024-01-26T16:47:24.390Z, 2024-01-25T11:19:21.981Z, 
50, gga, -, -, Brazil, mobile, 2024-01-26T16:47:40.581Z, 2024-01-25T11:19:21.981Z, 
51, gcsga, -, -, Brazil, mobile, 2024-01-26T16:47:58.730Z, 2024-01-25T11:19:21.981Z, 
52, rpg de mesa, -, -, Brazil, desktop, 2024-01-26T16:48:14.518Z, 2024-01-25T11:41:45.830Z, 
53, rpg jogo, -, -, Brazil, desktop, 2024-01-26T16:49:05.418Z, 2024-01-25T11:41:45.830Z, 
54, criador de mapas rpg, -, -, Brazil, desktop, 2024-01-26T16:49:41.146Z, 2024-01-25T11:41:45.830Z, 
55, rpg de tabuleiro, -, -, Brazil, desktop, 2024-01-26T16:49:56.761Z, 2024-01-25T11:41:45.830Z, 
56, criar rpg, -, -, Brazil, desktop, 2024-01-26T16:50:37.217Z, 2024-01-25T11:41:45.830Z, 
57, gurps campanhas, 73, https://campanhasdoboi.com.br/rpg, Brazil, desktop, 2024-01-26T16:50:52.925Z, 2024-01-25T11:41:45.830Z, 
58, rpg campanha, -, -, Brazil, desktop, 2024-01-26T16:51:11.553Z, 2024-01-25T11:41:45.830Z, 
59, campanha rpg, -, -, Brazil, desktop, 2024-01-26T16:51:42.936Z, 2024-01-25T11:41:45.830Z, 
60, campanha de rpg, -, -, Brazil, desktop, 2024-01-26T16:52:11.321Z, 2024-01-25T11:41:45.830Z, 
61, rpg gurps, -, -, Brazil, desktop, 2024-01-26T16:52:32.136Z, 2024-01-25T11:41:45.830Z, 
62, gurps livro, -, -, Brazil, desktop, 2024-01-26T16:52:48.756Z, 2024-01-25T11:41:45.830Z, 
63, livro gurps, -, -, Brazil, desktop, 2024-01-26T16:53:06.697Z, 2024-01-25T11:41:45.830Z, 
64, campanha de rpg de mesa, -, -, Brazil, desktop, 2024-01-26T16:54:02.490Z, 2024-01-25T11:41:45.830Z, 
65, rpg criar, -, -, Brazil, desktop, 2024-01-26T16:54:23.108Z, 2024-01-25T11:41:45.830Z, 
66, gurps livros, -, -, Brazil, desktop, 2024-01-26T16:54:42.928Z, 2024-01-25T11:41:45.830Z, 
67, histórias para rpg, -, -, Brazil, desktop, 2024-01-26T16:55:00.375Z, 2024-01-25T11:41:45.830Z, 
68, rpg escrito, -, -, Brazil, desktop, 2024-01-26T16:55:38.727Z, 2024-01-25T11:41:45.830Z, 
69, criador de rpg de mesa, -, -, Brazil, desktop, 2024-01-26T16:56:09.864Z, 2024-01-25T11:41:45.830Z, 
70, histórias rpg, -, -, Brazil, desktop, 2024-01-26T16:56:37.944Z, 2024-01-25T11:41:45.830Z, 
71, rpg histórias, -, -, Brazil, desktop, 2024-01-26T16:56:59.104Z, 2024-01-25T11:41:45.830Z, 
72, histórias de rpg, -, -, Brazil, desktop, 2024-01-26T16:57:33.525Z, 2024-01-25T11:41:45.830Z, 
73, rpg como criar, -, -, Brazil, desktop, 2024-01-26T16:57:52.211Z, 2024-01-25T11:41:45.830Z, 
74, criar um rpg, -, -, Brazil, desktop, 2024-01-26T16:58:38.860Z, 2024-01-25T11:41:45.830Z, 
75, criar rpg de mesa, -, -, Brazil, desktop, 2024-01-26T17:00:02.656Z, 2024-01-25T11:41:45.830Z, 
76, mesas rpg, -, -, Brazil, desktop, 2024-01-26T17:00:18.499Z, 2024-01-25T11:41:45.830Z, 
77, rpg de mesa livros, -, -, Brazil, desktop, 2024-01-26T17:00:50.661Z, 2024-01-25T11:41:45.830Z, 
78, criar mapas rpg, -, -, Brazil, desktop, 2024-01-26T17:01:08.352Z, 2024-01-25T11:41:45.830Z, 
79, livro rpg, -, -, Brazil, desktop, 2024-01-26T17:01:24.518Z, 2024-01-25T11:41:45.830Z, 
80, personagem rpg, -, -, Brazil, desktop, 2024-01-26T17:01:42.530Z, 2024-01-25T11:41:45.830Z, 
81, rpg de 2 jogadores, -, -, Brazil, desktop, 2024-01-26T17:01:57.669Z, 2024-01-25T11:41:45.830Z, 
82, br rpg, -, -, Brazil, desktop, 2024-01-26T17:02:18.314Z, 2024-01-25T11:41:45.830Z, 
83, rpg narrado, -, -, Brazil, desktop, 2024-01-26T17:02:49.239Z, 2024-01-25T11:41:45.830Z, 
84, gerador de rpg, -, -, Brazil, desktop, 2024-01-26T17:03:05.090Z, 2024-01-25T11:41:45.830Z, 
85, bot discord rpg de mesa, 78, -, Brazil, desktop, 2024-01-26T17:03:21.080Z, 2024-01-25T11:41:45.830Z, 
86, rpg de mesa melhores, -, -, Brazil, desktop, 2024-01-26T17:03:36.870Z, 2024-01-25T11:41:45.830Z, 
87, mesa de rpg, -, -, Brazil, desktop, 2024-01-26T17:04:05.999Z, 2024-01-25T11:41:45.830Z, 
88, bot rpg, -, -, Brazil, desktop, 2024-01-26T17:04:46.666Z, 2024-01-25T11:41:45.830Z, 
89, criador de rpg, -, -, Brazil, desktop, 2024-01-26T17:05:14.315Z, 2024-01-25T11:41:45.830Z, 
90, rpg mesa, -, -, Brazil, desktop, 2024-01-26T17:05:51.664Z, 2024-01-25T11:41:45.830Z, 
91, bot de rpg, -, -, Brazil, desktop, 2024-01-26T17:06:28.057Z, 2024-01-25T11:41:45.830Z, 
92, rpg vtt, -, -, Brazil, desktop, 2024-01-26T17:07:33.691Z, 2024-01-25T11:41:45.830Z, 
93, o jogo rpg, -, -, Brazil, desktop, 2024-01-26T17:07:52.090Z, 2024-01-25T11:41:45.830Z, 
94, rpg de papel, -, -, Brazil, desktop, 2024-01-26T17:08:27.659Z, 2024-01-25T11:41:45.830Z, 
95, gerador rpg, -, -, Brazil, desktop, 2024-01-26T17:08:58.063Z, 2024-01-25T11:41:45.830Z, 
96, rpg de livro, -, -, Brazil, desktop, 2024-01-26T17:09:17.240Z, 2024-01-25T11:41:45.830Z, 
97, rpg papel, -, -, Brazil, desktop, 2024-01-26T17:09:34.428Z, 2024-01-25T11:41:45.830Z, 
98, rp de mesa, -, -, Brazil, desktop, 2024-01-26T17:10:06.225Z, 2024-01-25T11:41:45.830Z, 
99, rpg de mesa o que é, -, -, Brazil, desktop, 2024-01-26T17:10:24.728Z, 2024-01-25T11:41:45.830Z, 
100, personagens rpg de mesa, -, -, Brazil, desktop, 2024-01-26T17:11:06.522Z, 2024-01-25T11:41:45.830Z, 
101, rpg criador, -, -, Brazil, desktop, 2024-01-26T17:11:22.244Z, 2024-01-25T11:41:45.830Z, 
102, rpg interativo, -, -, Brazil, desktop, 2024-01-26T17:11:37.722Z, 2024-01-25T11:41:45.830Z, 
103, bot discord dados rpg, 86, -, Brazil, desktop, 2024-01-26T17:12:07.795Z, 2024-01-25T11:41:45.830Z, 
104, rpg d3, -, -, Brazil, desktop, 2024-01-26T17:12:23.527Z, 2024-01-25T11:41:45.830Z, 
105, rpg livros, -, -, Brazil, desktop, 2024-01-26T17:13:28.396Z, 2024-01-25T11:41:45.830Z, 
106, rpgde mesa, -, -, Brazil, desktop, 2024-01-26T17:13:44.820Z, 2024-01-25T11:41:45.830Z, 
107, criador rpg, -, -, Brazil, desktop, 2024-01-26T17:14:02.822Z, 2024-01-25T11:41:45.830Z, 
108, rpg de dado, -, -, Brazil, desktop, 2024-01-26T17:14:18.723Z, 2024-01-25T11:41:45.830Z, 
109, rpg de dados, -, -, Brazil, desktop, 2024-01-26T17:14:34.696Z, 2024-01-25T11:41:45.830Z, 
110, mapas de rpg, -, -, Brazil, desktop, 2024-01-26T17:15:45.285Z, 2024-01-25T11:41:45.830Z, 
111, rpg de mesa discord, 97, -, Brazil, desktop, 2024-01-26T17:16:03.264Z, 2024-01-25T11:41:45.830Z, 
112, criador de mapas para rpg, -, -, Brazil, desktop, 2024-01-26T17:16:22.009Z, 2024-01-25T11:41:45.830Z, 
113, mesa para rpg de mesa, -, -, Brazil, desktop, 2024-01-26T17:16:55.719Z, 2024-01-25T11:41:45.830Z, 
114, discord rpg de mesa, -, -, Brazil, desktop, 2024-01-26T17:17:43.782Z, 2024-01-25T11:41:45.830Z, 
115, criador de mapas rpg de mesa, -, -, Brazil, desktop, 2024-01-26T16:56:10.663Z, 2024-01-25T11:41:45.830Z, 
116, criar mapas de rpg, -, -, Brazil, desktop, 2024-01-26T17:20:05.887Z, 2024-01-25T11:41:45.830Z, 
117, mapas rpg de mesa, -, -, Brazil, desktop, 2024-01-26T17:21:04.728Z, 2024-01-25T11:41:45.830Z, 
118, mesa para rpg, -, -, Brazil, desktop, 2024-01-26T17:21:43.324Z, 2024-01-25T11:41:45.830Z, 
119, mapas para rpg de mesa, -, -, Brazil, desktop, 2024-01-26T17:22:15.573Z, 2024-01-25T11:41:45.830Z, 
120, rpg mapas, -, -, Brazil, desktop, 2024-01-26T17:22:33.670Z, 2024-01-25T11:41:45.830Z, 
121, mapa para rpg, -, -, Brazil, desktop, 2024-01-26T17:23:17.811Z, 2024-01-25T11:41:45.830Z, 
122, mapas de rpg de mesa, -, -, Brazil, desktop, 2024-01-26T17:23:59.992Z, 2024-01-25T11:41:45.830Z, 
123, criador de mapas de rpg, -, -, Brazil, desktop, 2024-01-26T17:24:23.323Z, 2024-01-25T11:41:45.830Z, 
124, os melhores rpg, -, -, Brazil, desktop, 2024-01-26T17:24:39.798Z, 2024-01-25T11:41:45.830Z, 
125, criar mapas para rpg, -, -, Brazil, desktop, 2024-01-26T17:24:55.540Z, 2024-01-25T11:41:45.830Z, 
126, melhores rpg, -, -, Brazil, desktop, 2024-01-26T17:25:53.712Z, 2024-01-25T11:41:45.830Z, 
127, criando mapas de rpg, -, -, Brazil, desktop, 2024-01-26T17:26:35.877Z, 2024-01-25T11:41:45.830Z, 
128, lista rpg, -, -, Brazil, desktop, 2024-01-26T17:26:53.406Z, 2024-01-25T11:41:45.830Z, 
129, fazer mapas rpg, -, -, Brazil, desktop, 2024-01-26T17:27:09.343Z, 2024-01-25T11:41:45.830Z, 
130, fazer mapas para rpg, -, -, Brazil, desktop, 2024-01-26T17:27:31.831Z, 2024-01-25T11:41:45.830Z, 
131, rpg lista, -, -, Brazil, desktop, 2024-01-26T17:27:47.809Z, 2024-01-25T11:41:45.830Z, 
132, rpg melhor, -, -, Brazil, desktop, 2024-01-26T17:28:44.097Z, 2024-01-25T11:41:45.830Z, 
133, fazer mapas de rpg, -, -, Brazil, desktop, 2024-01-26T17:29:00.922Z, 2024-01-25T11:41:45.830Z, 
134, rpg melhores, -, -, Brazil, desktop, 2024-01-26T17:29:17.602Z, 2024-01-25T11:41:45.830Z, 
135, os melhores rpgs, -, -, Brazil, desktop, 2024-01-26T17:30:08.616Z, 2024-01-25T11:41:45.830Z, 
136, rpg discord br, -, -, Brazil, desktop, 2024-01-26T17:30:26.309Z, 2024-01-25T11:41:45.830Z, 
137, dd rpg, -, -, Brazil, desktop, 2024-01-26T17:30:42.975Z, 2024-01-25T11:41:45.830Z, 
138, rpg de discord, -, -, Brazil, desktop, 2024-01-26T17:30:58.784Z, 2024-01-25T11:41:45.830Z, 
139, criador de mapas rpg gratis, -, -, Brazil, desktop, 2024-01-26T17:31:15.045Z, 2024-01-25T11:41:45.830Z, 
140, discord rpg br, -, -, Brazil, desktop, 2024-01-26T17:31:52.014Z, 2024-01-25T11:41:45.830Z, 
142, rpg de mesa, -, -, Brazil, mobile, 2024-01-26T17:32:36.180Z, 2024-01-25T11:41:56.054Z, 
143, rpg jogo, -, -, Brazil, mobile, 2024-01-26T17:32:58.435Z, 2024-01-25T11:41:56.054Z, 
144, criador de mapas rpg, -, -, Brazil, mobile, 2024-01-26T17:33:14.358Z, 2024-01-25T11:41:56.054Z, 
145, rpg de tabuleiro, -, -, Brazil, mobile, 2024-01-26T17:33:30.394Z, 2024-01-25T11:41:56.054Z, 
146, criar rpg, -, -, Brazil, mobile, 2024-01-26T17:34:19.601Z, 2024-01-25T11:41:56.054Z, 
147, gurps campanhas, 70, https://campanhasdoboi.com.br/rpg, Brazil, mobile, 2024-01-26T17:34:35.731Z, 2024-01-25T11:41:56.054Z, 
148, rpg campanha, -, -, Brazil, mobile, 2024-01-26T17:34:52.991Z, 2024-01-25T11:41:56.054Z, 
149, campanha rpg, -, -, Brazil, mobile, 2024-01-26T17:35:39.165Z, 2024-01-25T11:41:56.054Z, 
150, campanha de rpg, -, -, Brazil, mobile, 2024-01-26T17:13:36.285Z, 2024-01-25T11:41:56.054Z, 
151, rpg gurps, -, -, Brazil, mobile, 2024-01-26T17:38:29.388Z, 2024-01-25T11:41:56.054Z, 
152, gurps livro, -, -, Brazil, mobile, 2024-01-26T17:39:27.016Z, 2024-01-25T11:41:56.054Z, 
153, livro gurps, -, -, Brazil, mobile, 2024-01-26T17:40:03.142Z, 2024-01-25T11:41:56.054Z, 
154, campanha de rpg de mesa, -, -, Brazil, mobile, 2024-01-26T17:40:25.286Z, 2024-01-25T11:41:56.054Z, 
155, rpg criar, -, -, Brazil, mobile, 2024-01-26T17:41:05.142Z, 2024-01-25T11:41:56.054Z, 
156, gurps livros, -, -, Brazil, mobile, 2024-01-26T17:41:39.180Z, 2024-01-25T11:41:56.054Z, 
157, histórias para rpg, -, -, Brazil, mobile, 2024-01-26T17:43:10.609Z, 2024-01-25T11:41:56.054Z, 
158, rpg escrito, -, -, Brazil, mobile, 2024-01-26T17:43:44.411Z, 2024-01-25T11:41:56.054Z, 
159, criador de rpg de mesa, -, -, Brazil, mobile, 2024-01-26T17:44:35.082Z, 2024-01-25T11:41:56.054Z, 
160, histórias rpg, -, -, Brazil, mobile, 2024-01-26T17:44:51.611Z, 2024-01-25T11:41:56.054Z, 
161, rpg histórias, -, -, Brazil, mobile, 2024-01-26T17:45:14.064Z, 2024-01-25T11:41:56.054Z, 
162, histórias de rpg, -, -, Brazil, mobile, 2024-01-26T17:45:52.680Z, 2024-01-25T11:41:56.054Z, 
163, rpg como criar, -, -, Brazil, mobile, 2024-01-26T17:46:08.965Z, 2024-01-25T11:41:56.054Z, 
164, criar um rpg, -, -, Brazil, mobile, 2024-01-26T17:46:39.055Z, 2024-01-25T11:41:56.054Z, 
165, criar rpg de mesa, -, -, Brazil, mobile, 2024-01-26T17:46:55.133Z, 2024-01-25T11:41:56.054Z, 
166, mesas rpg, -, -, Brazil, mobile, 2024-01-26T17:47:14.118Z, 2024-01-25T11:41:56.054Z, 
167, rpg de mesa livros, -, -, Brazil, mobile, 2024-01-26T17:47:32.306Z, 2024-01-25T11:41:56.054Z, 
168, criar mapas rpg, -, -, Brazil, mobile, 2024-01-26T17:47:50.949Z, 2024-01-25T11:41:56.054Z, 
169, livro rpg, -, -, Brazil, mobile, 2024-01-26T17:48:08.546Z, 2024-01-25T11:41:56.054Z, 
170, personagem rpg, -, -, Brazil, mobile, 2024-01-26T17:48:43.965Z, 2024-01-25T11:41:56.054Z, 
171, rpg de 2 jogadores, -, -, Brazil, mobile, 2024-01-26T17:48:59.216Z, 2024-01-25T11:41:56.054Z, 
172, br rpg, -, -, Brazil, mobile, 2024-01-26T17:49:22.443Z, 2024-01-25T11:41:56.054Z, 
173, rpg narrado, -, -, Brazil, mobile, 2024-01-26T17:49:40.319Z, 2024-01-25T11:41:56.054Z, 
174, gerador de rpg, -, -, Brazil, mobile, 2024-01-26T17:50:17.721Z, 2024-01-25T11:41:56.054Z, 
175, bot discord rpg de mesa, 72, -, Brazil, mobile, 2024-01-26T17:50:33.158Z, 2024-01-25T11:41:56.054Z, 
176, rpg de mesa melhores, -, -, Brazil, mobile, 2024-01-26T17:51:50.303Z, 2024-01-25T11:41:56.054Z, 
177, mesa de rpg, -, -, Brazil, mobile, 2024-01-26T17:52:09.173Z, 2024-01-25T11:41:56.054Z, 
178, bot rpg, -, -, Brazil, mobile, 2024-01-26T17:52:26.762Z, 2024-01-25T11:41:56.054Z, 
179, criador de rpg, -, -, Brazil, mobile, 2024-01-26T17:52:44.084Z, 2024-01-25T11:41:56.054Z, 
180, rpg mesa, -, -, Brazil, mobile, 2024-01-26T17:53:00.957Z, 2024-01-25T11:41:56.054Z, 
181, bot de rpg, 87, -, Brazil, mobile, 2024-01-26T17:53:45.076Z, 2024-01-25T11:41:56.054Z, 
182, rpg vtt, -, -, Brazil, mobile, 2024-01-26T17:54:39.058Z, 2024-01-25T11:41:56.054Z, 
183, o jogo rpg, -, -, Brazil, mobile, 2024-01-26T17:55:15.647Z, 2024-01-25T11:41:56.054Z, 
184, rpg de papel, -, -, Brazil, mobile, 2024-01-26T17:55:59.377Z, 2024-01-25T11:41:56.054Z, 
185, gerador rpg, -, -, Brazil, mobile, 2024-01-26T17:56:43.560Z, 2024-01-25T11:41:56.054Z, 
186, rpg de livro, -, -, Brazil, mobile, 2024-01-26T17:57:24.479Z, 2024-01-25T11:41:56.054Z, 
187, rpg papel, -, -, Brazil, mobile, 2024-01-26T17:58:15.394Z, 2024-01-25T11:41:56.054Z, 
188, rp de mesa, -, -, Brazil, mobile, 2024-01-26T17:58:32.512Z, 2024-01-25T11:41:56.054Z, 
189, rpg de mesa o que é, -, -, Brazil, mobile, 2024-01-26T17:58:50.636Z, 2024-01-25T11:41:56.054Z, 
190, personagens rpg de mesa, -, -, Brazil, mobile, 2024-01-26T17:59:25.243Z, 2024-01-25T11:41:56.054Z, 
191, rpg criador, -, -, Brazil, mobile, 2024-01-26T18:00:13.556Z, 2024-01-25T11:41:56.055Z, 
192, rpg interativo, -, -, Brazil, mobile, 2024-01-26T18:00:29.377Z, 2024-01-25T11:41:56.055Z, 
193, bot discord dados rpg, -, -, Brazil, mobile, 2024-01-26T18:01:11.741Z, 2024-01-25T11:41:56.055Z, 
194, rpg d3, -, -, Brazil, mobile, 2024-01-26T18:01:32.936Z, 2024-01-25T11:41:56.055Z, 
195, rpg livros, -, -, Brazil, mobile, 2024-01-26T18:02:16.619Z, 2024-01-25T11:41:56.055Z, 
196, rpgde mesa, -, -, Brazil, mobile, 2024-01-26T18:02:47.739Z, 2024-01-25T11:41:56.055Z, 
197, criador rpg, -, -, Brazil, mobile, 2024-01-26T18:03:40.162Z, 2024-01-25T11:41:56.055Z, 
198, rpg de dado, -, -, Brazil, mobile, 2024-01-26T18:04:15.020Z, 2024-01-25T11:41:56.055Z, 
199, rpg de dados, -, -, Brazil, mobile, 2024-01-26T18:04:48.935Z, 2024-01-25T11:41:56.055Z, 
200, mapas de rpg, -, -, Brazil, mobile, 2024-01-26T18:05:30.848Z, 2024-01-25T11:41:56.055Z, 
201, rpg de mesa discord, -, -, Brazil, mobile, 2024-01-26T18:05:54.362Z, 2024-01-25T11:41:56.055Z, 
202, criador de mapas para rpg, -, -, Brazil, mobile, 2024-01-26T18:06:28.059Z, 2024-01-25T11:41:56.055Z, 
203, mesa para rpg de mesa, -, -, Brazil, mobile, 2024-01-26T18:06:45.232Z, 2024-01-25T11:41:56.055Z, 
204, discord rpg de mesa, -, -, Brazil, mobile, 2024-01-26T18:07:00.790Z, 2024-01-25T11:41:56.055Z, 
205, criador de mapas rpg de mesa, -, -, Brazil, mobile, 2024-01-26T18:07:16.512Z, 2024-01-25T11:41:56.055Z, 
206, criar mapas de rpg, -, -, Brazil, mobile, 2024-01-26T18:07:32.804Z, 2024-01-25T11:41:56.055Z, 
207, mapas rpg de mesa, -, -, Brazil, mobile, 2024-01-26T18:07:48.301Z, 2024-01-25T11:41:56.055Z, 
208, mesa para rpg, -, -, Brazil, mobile, 2024-01-26T18:08:07.618Z, 2024-01-25T11:41:56.055Z, 
209, mapas para rpg de mesa, -, -, Brazil, mobile, 2024-01-26T18:08:45.820Z, 2024-01-25T11:41:56.055Z, 
210, rpg mapas, -, -, Brazil, mobile, 2024-01-26T18:09:01.804Z, 2024-01-25T11:41:56.055Z, 
211, mapa para rpg, -, -, Brazil, mobile, 2024-01-26T18:09:28.216Z, 2024-01-25T11:41:56.055Z, 
212, mapas de rpg de mesa, -, -, Brazil, mobile, 2024-01-26T18:09:48.226Z, 2024-01-25T11:41:56.055Z, 
213, criador de mapas de rpg, -, -, Brazil, mobile, 2024-01-26T18:10:05.531Z, 2024-01-25T11:41:56.055Z, 
214, os melhores rpg, -, -, Brazil, mobile, 2024-01-26T18:10:25.908Z, 2024-01-25T11:41:56.055Z, 
215, criar mapas para rpg, -, -, Brazil, mobile, 2024-01-26T18:10:43.962Z, 2024-01-25T11:41:56.055Z, 
216, melhores rpg, -, -, Brazil, mobile, 2024-01-26T18:11:01.561Z, 2024-01-25T11:41:56.055Z, 
217, criando mapas de rpg, -, -, Brazil, mobile, 2024-01-26T18:11:16.507Z, 2024-01-25T11:41:56.055Z, 
218, lista rpg, -, -, Brazil, mobile, 2024-01-26T18:11:40.701Z, 2024-01-25T11:41:56.055Z, 
219, fazer mapas rpg, -, -, Brazil, mobile, 2024-01-26T18:12:12.463Z, 2024-01-25T11:41:56.055Z, 
220, fazer mapas para rpg, -, -, Brazil, mobile, 2024-01-26T18:12:36.906Z, 2024-01-25T11:41:56.055Z, 
221, rpg lista, -, -, Brazil, mobile, 2024-01-26T18:12:54.635Z, 2024-01-25T11:41:56.055Z, 
222, rpg melhor, -, -, Brazil, mobile, 2024-01-26T18:13:11.090Z, 2024-01-25T11:41:56.055Z, 
223, fazer mapas de rpg, -, -, Brazil, mobile, 2024-01-26T18:13:40.100Z, 2024-01-25T11:41:56.055Z, 
224, rpg melhores, -, -, Brazil, mobile, 2024-01-26T18:13:58.149Z, 2024-01-25T11:41:56.055Z, 
225, os melhores rpgs, -, -, Brazil, mobile, 2024-01-26T18:14:13.904Z, 2024-01-25T11:41:56.055Z, 
226, rpg discord br, -, -, Brazil, mobile, 2024-01-26T18:14:41.094Z, 2024-01-25T11:41:56.055Z, 
227, dd rpg, -, -, Brazil, mobile, 2024-01-26T18:15:16.955Z, 2024-01-25T11:41:56.055Z, 
228, rpg de discord, -, -, Brazil, mobile, 2024-01-26T18:15:34.217Z, 2024-01-25T11:41:56.055Z, 
229, criador de mapas rpg gratis, -, -, Brazil, mobile, 2024-01-26T18:16:05.952Z, 2024-01-25T11:41:56.055Z, 
230, discord rpg br, -, -, Brazil, mobile, 2024-01-26T18:16:39.182Z, 2024-01-25T11:41:56.055Z, 
231, d3 rpg, -, -, Brazil, mobile, 2024-01-26T18:17:15.996Z, 2024-01-25T11:41:56.055Z, 
